datetime,portfolio_value,cash,positions,return
2020-01-02 08:30:00-05:00,100000.0,100000.0,"[{'asset': USD, 'quantity': 100000.0}]",
2020-01-02 09:30:00-05:00,100000.0,100000.0,"[{'asset': USD, 'quantity': 100000.0}]",0.0
2020-01-02 09:30:00-05:00,100000.0,100000.0,"[{'asset': USD, 'quantity': 100000.0}]",0.0
2020-01-03 09:30:00-05:00,100153.56311798096,50009.50164794922,"[{'asset': USD, 'quantity': 50009.50164794922}, {'asset': AAPL, 'quantity': 675.0}]",0.0015356311798095934
2020-01-04 09:30:00-05:00,100153.56311798096,24974.61466217041,"[{'asset': USD, 'quantity': 24974.61466217041}, {'asset': AAPL, 'quantity': 1012.0}]",0.0
2020-01-04 09:29:00-05:00,100153.56311798096,24974.61466217041,"[{'asset': USD, 'quantity': 24974.61466217041}, {'asset': AAPL, 'quantity': 1012.0}]",0.0
2020-01-06 08:30:00-05:00,99303.48682403564,24974.61466217041,"[{'asset': USD, 'quantity': 24974.61466217041}, {'asset': AAPL, 'quantity': 1012.0}]",-0.008487728918280424
2020-01-06 09:30:00-05:00,99303.48682403564,24974.61466217041,"[{'asset': USD, 'quantity': 24974.61466217041}, {'asset': AAPL, 'quantity': 1012.0}]",0.0
2020-01-06 09:30:00-05:00,99303.48682403564,24974.61466217041,"[{'asset': USD, 'quantity': 24974.61466217041}, {'asset': AAPL, 'quantity': 1012.0}]",0.0
2020-01-07 09:30:00-05:00,101091.25821685791,12488.53929901123,"[{'asset': USD, 'quantity': 12488.53929901123}, {'asset': AAPL, 'quantity': 1182.0}]",0.01800310794715765
2020-01-08 09:30:00-05:00,100243.71053314209,6266.859375,"[{'asset': USD, 'quantity': 6266.859375}, {'asset': AAPL, 'quantity': 1265.0}]",-0.00838398590210132
2020-01-09 09:30:00-05:00,103537.34614562988,3146.6793365478516,"[{'asset': USD, 'quantity': 3146.6793365478516}, {'asset': AAPL, 'quantity': 1307.0}]",0.03285628190507639
2020-01-10 09:30:00-05:00,104652.03141021729,1610.4793853759766,"[{'asset': USD, 'quantity': 1610.4793853759766}, {'asset': AAPL, 'quantity': 1327.0}]",0.010766021209579257
2020-01-11 09:30:00-05:00,104652.03141021729,833.9793701171875,"[{'asset': USD, 'quantity': 833.9793701171875}, {'asset': AAPL, 'quantity': 1337.0}]",0.0
2020-01-11 09:29:00-05:00,104652.03141021729,833.9793701171875,"[{'asset': USD, 'quantity': 833.9793701171875}, {'asset': AAPL, 'quantity': 1337.0}]",0.0
2020-01-13 08:30:00-05:00,104999.65426635742,833.9793701171875,"[{'asset': USD, 'quantity': 833.9793701171875}, {'asset': AAPL, 'quantity': 1337.0}]",0.0033217019436297957
2020-01-13 09:30:00-05:00,104999.65426635742,833.9793701171875,"[{'asset': USD, 'quantity': 833.9793701171875}, {'asset': AAPL, 'quantity': 1337.0}]",0.0
2020-01-13 09:30:00-05:00,104999.65426635742,833.9793701171875,"[{'asset': USD, 'quantity': 833.9793701171875}, {'asset': AAPL, 'quantity': 1337.0}]",0.0
2020-01-14 09:30:00-05:00,106697.28344726562,444.4293518066406,"[{'asset': USD, 'quantity': 444.4293518066406}, {'asset': AAPL, 'quantity': 1342.0}]",0.016167950197262027
2020-01-15 09:30:00-05:00,105066.4688949585,206.9043426513672,"[{'asset': USD, 'quantity': 206.9043426513672}, {'asset': AAPL, 'quantity': 1345.0}]",-0.01528449928261899
2020-01-16 09:30:00-05:00,105651.97560882568,128.94184112548828,"[{'asset': USD, 'quantity': 128.94184112548828}, {'asset': AAPL, 'quantity': 1346.0}]",0.005572726675078021
2020-01-17 09:30:00-05:00,106554.46314239502,50.544342041015625,"[{'asset': USD, 'quantity': 50.544342041015625}, {'asset': AAPL, 'quantity': 1347.0}]",0.008542079108021294
2020-01-18 09:30:00-05:00,106554.46314239502,50.544342041015625,"[{'asset': USD, 'quantity': 50.544342041015625}, {'asset': AAPL, 'quantity': 1347.0}]",0.0
2020-01-18 09:29:00-05:00,106554.46314239502,50.544342041015625,"[{'asset': USD, 'quantity': 50.544342041015625}, {'asset': AAPL, 'quantity': 1347.0}]",0.0
2020-01-21 08:30:00-05:00,106864.27766418457,50.544342041015625,"[{'asset': USD, 'quantity': 50.544342041015625}, {'asset': AAPL, 'quantity': 1347.0}]",0.002907569637655927
2020-01-21 09:30:00-05:00,106864.27766418457,50.544342041015625,"[{'asset': USD, 'quantity': 50.544342041015625}, {'asset': AAPL, 'quantity': 1347.0}]",0.0
2020-01-21 09:30:00-05:00,106864.27766418457,50.544342041015625,"[{'asset': USD, 'quantity': 50.544342041015625}, {'asset': AAPL, 'quantity': 1347.0}]",0.0
2020-01-22 09:30:00-05:00,107332.35482025146,50.544342041015625,"[{'asset': USD, 'quantity': 50.544342041015625}, {'asset': AAPL, 'quantity': 1347.0}]",0.004380108735098531
2020-01-23 09:30:00-05:00,107110.10886383057,50.544342041015625,"[{'asset': USD, 'quantity': 50.544342041015625}, {'asset': AAPL, 'quantity': 1347.0}]",-0.0020706333779137998
2020-01-24 09:30:00-05:00,107894.73184204102,50.544342041015625,"[{'asset': USD, 'quantity': 50.544342041015625}, {'asset': AAPL, 'quantity': 1347.0}]",0.007325386805534295
2020-01-25 09:30:00-05:00,107894.73184204102,50.544342041015625,"[{'asset': USD, 'quantity': 50.544342041015625}, {'asset': AAPL, 'quantity': 1347.0}]",0.0
2020-01-25 09:29:00-05:00,107894.73184204102,50.544342041015625,"[{'asset': USD, 'quantity': 50.544342041015625}, {'asset': AAPL, 'quantity': 1347.0}]",0.0
2020-01-27 08:30:00-05:00,104463.24851989746,50.544342041015625,"[{'asset': USD, 'quantity': 50.544342041015625}, {'asset': AAPL, 'quantity': 1347.0}]",-0.031803993240071105
2020-01-27 09:30:00-05:00,104463.24851989746,50.544342041015625,"[{'asset': USD, 'quantity': 50.544342041015625}, {'asset': AAPL, 'quantity': 1347.0}]",0.0
2020-01-27 09:30:00-05:00,104463.24851989746,50.544342041015625,"[{'asset': USD, 'quantity': 50.544342041015625}, {'asset': AAPL, 'quantity': 1347.0}]",0.0
2020-01-28 09:30:00-05:00,105318.5963973999,50.544342041015625,"[{'asset': USD, 'quantity': 50.544342041015625}, {'asset': AAPL, 'quantity': 1347.0}]",0.008188026790489022
2020-01-29 09:30:00-05:00,109309.08595275879,50.544342041015625,"[{'asset': USD, 'quantity': 50.544342041015625}, {'asset': AAPL, 'quantity': 1347.0}]",0.03788969557001609
2020-01-30 09:30:00-05:00,107992.39221954346,50.544342041015625,"[{'asset': USD, 'quantity': 50.544342041015625}, {'asset': AAPL, 'quantity': 1347.0}]",-0.012045601897946345
2020-01-31 09:30:00-05:00,108123.71937561035,50.544342041015625,"[{'asset': USD, 'quantity': 50.544342041015625}, {'asset': AAPL, 'quantity': 1347.0}]",0.0012160778492609214
2020-02-01 09:30:00-05:00,108123.71937561035,50.544342041015625,"[{'asset': USD, 'quantity': 50.544342041015625}, {'asset': AAPL, 'quantity': 1347.0}]",0.0
2020-02-01 09:29:00-05:00,108123.71937561035,50.544342041015625,"[{'asset': USD, 'quantity': 50.544342041015625}, {'asset': AAPL, 'quantity': 1347.0}]",0.0
2020-02-03 08:30:00-05:00,102523.56523132324,50.544342041015625,"[{'asset': USD, 'quantity': 50.544342041015625}, {'asset': AAPL, 'quantity': 1347.0}]",-0.05179394656997294
2020-02-03 09:30:00-05:00,102523.56523132324,50.544342041015625,"[{'asset': USD, 'quantity': 50.544342041015625}, {'asset': AAPL, 'quantity': 1347.0}]",0.0
2020-02-03 09:30:00-05:00,102523.56523132324,50.544342041015625,"[{'asset': USD, 'quantity': 50.544342041015625}, {'asset': AAPL, 'quantity': 1347.0}]",0.0
2020-02-04 09:30:00-05:00,106231.18601989746,50.544342041015625,"[{'asset': USD, 'quantity': 50.544342041015625}, {'asset': AAPL, 'quantity': 1347.0}]",0.03616359595190377
2020-02-05 09:30:00-05:00,108995.90064239502,50.544342041015625,"[{'asset': USD, 'quantity': 50.544342041015625}, {'asset': AAPL, 'quantity': 1347.0}]",0.026025451904299723
2020-02-06 09:30:00-05:00,108675.99430847168,50.544342041015625,"[{'asset': USD, 'quantity': 50.544342041015625}, {'asset': AAPL, 'quantity': 1347.0}]",-0.0029350308776558975
2020-02-07 09:30:00-05:00,108608.6401977539,50.544342041015625,"[{'asset': USD, 'quantity': 50.544342041015625}, {'asset': AAPL, 'quantity': 1347.0}]",-0.00061976990545487
2020-02-08 09:30:00-05:00,108608.6401977539,50.544342041015625,"[{'asset': USD, 'quantity': 50.544342041015625}, {'asset': AAPL, 'quantity': 1347.0}]",0.0
2020-02-08 09:29:00-05:00,108608.6401977539,50.544342041015625,"[{'asset': USD, 'quantity': 50.544342041015625}, {'asset': AAPL, 'quantity': 1347.0}]",0.0
2020-02-10 08:30:00-05:00,106109.95437561035,309.84184204101564,"[{'asset': USD, 'quantity': 309.84184204101564}, {'asset': AAPL, 'quantity': 1347.0}]",-0.023006326362193352
2020-02-10 09:30:00-05:00,106109.95437561035,309.84184204101564,"[{'asset': USD, 'quantity': 309.84184204101564}, {'asset': AAPL, 'quantity': 1347.0}]",0.0
2020-02-10 09:30:00-05:00,106109.95437561035,309.84184204101564,"[{'asset': USD, 'quantity': 309.84184204101564}, {'asset': AAPL, 'quantity': 1347.0}]",0.0
2020-02-11 09:30:00-05:00,109286.85390411377,152.751845703125,"[{'asset': USD, 'quantity': 152.751845703125}, {'asset': AAPL, 'quantity': 1349.0}]",0.02993969366208349
2020-02-12 09:30:00-05:00,108567.97725616455,71.85184417724611,"[{'asset': USD, 'quantity': 71.85184417724611}, {'asset': AAPL, 'quantity': 1350.0}]",-0.006577887662316151
2020-02-13 09:30:00-05:00,109485.97766815186,71.85184417724611,"[{'asset': USD, 'quantity': 71.85184417724611}, {'asset': AAPL, 'quantity': 1350.0}]",0.00845553574072122
2020-02-14 09:30:00-05:00,109671.59854827881,71.85184417724611,"[{'asset': USD, 'quantity': 71.85184417724611}, {'asset': AAPL, 'quantity': 1350.0}]",0.0016953849623515538
2020-02-15 09:30:00-05:00,109671.59854827881,71.85184417724611,"[{'asset': USD, 'quantity': 71.85184417724611}, {'asset': AAPL, 'quantity': 1350.0}]",0.0
2020-02-15 09:29:00-05:00,109671.59854827881,71.85184417724611,"[{'asset': USD, 'quantity': 71.85184417724611}, {'asset': AAPL, 'quantity': 1350.0}]",0.0
2020-02-18 08:30:00-05:00,106505.84690032959,71.85184417724611,"[{'asset': USD, 'quantity': 71.85184417724611}, {'asset': AAPL, 'quantity': 1350.0}]",-0.028865738166072408
2020-02-18 09:30:00-05:00,106505.84690032959,71.85184417724611,"[{'asset': USD, 'quantity': 71.85184417724611}, {'asset': AAPL, 'quantity': 1350.0}]",0.0
2020-02-18 09:30:00-05:00,106505.84690032959,71.85184417724611,"[{'asset': USD, 'quantity': 71.85184417724611}, {'asset': AAPL, 'quantity': 1350.0}]",0.0
2020-02-19 09:30:00-05:00,108071.85184417725,71.85184417724611,"[{'asset': USD, 'quantity': 71.85184417724611}, {'asset': AAPL, 'quantity': 1350.0}]",0.014703464546065304
2020-02-20 09:30:00-05:00,108959.47849212647,71.85184417724611,"[{'asset': USD, 'quantity': 71.85184417724611}, {'asset': AAPL, 'quantity': 1350.0}]",0.008213300991908978
2020-02-21 09:30:00-05:00,107606.10019622803,71.85184417724611,"[{'asset': USD, 'quantity': 71.85184417724611}, {'asset': AAPL, 'quantity': 1350.0}]",-0.012420932209181168
2020-02-22 09:30:00-05:00,107606.10019622803,71.85184417724611,"[{'asset': USD, 'quantity': 71.85184417724611}, {'asset': AAPL, 'quantity': 1350.0}]",0.0
2020-02-22 09:29:00-05:00,107606.10019622803,71.85184417724611,"[{'asset': USD, 'quantity': 71.85184417724611}, {'asset': AAPL, 'quantity': 1350.0}]",0.0
2020-02-24 08:30:00-05:00,100397.10514007568,71.85184417724611,"[{'asset': USD, 'quantity': 71.85184417724611}, {'asset': AAPL, 'quantity': 1350.0}]",-0.06699429719138772
2020-02-24 09:30:00-05:00,100362.9669141388,3233.2587232208252,"[{'asset': USD, 'quantity': 3233.2587232208252}, {'asset': AAPL, 'quantity': 1307.0}]",-0.0003400319749184977
2020-02-24 09:30:00-05:00,100362.9669141388,3233.2587232208252,"[{'asset': USD, 'quantity': 3233.2587232208252}, {'asset': AAPL, 'quantity': 1307.0}]",0.0
2020-02-25 09:30:00-05:00,101588.97022529603,1598.3286695098877,"[{'asset': USD, 'quantity': 1598.3286695098877}, {'asset': AAPL, 'quantity': 1329.0}]",0.01221569418335422
2020-02-26 09:30:00-05:00,96758.26572700501,770.7161359405518,"[{'asset': USD, 'quantity': 770.7161359405518}, {'asset': AAPL, 'quantity': 1340.0}]",-0.04755146634105911
2020-02-27 09:30:00-05:00,94932.43068977357,412.5536374664307,"[{'asset': USD, 'quantity': 412.5536374664307}, {'asset': AAPL, 'quantity': 1345.0}]",-0.01887006782844658
2020-02-28 09:30:00-05:00,94799.77203269958,94285.25201316833,"[{'asset': USD, 'quantity': 94285.25201316833}, {'asset': AAPL, 'quantity': 8.0}]",-0.0013974008261465887
2020-02-29 09:30:00-05:00,94799.77203269958,47656.875243148796,"[{'asset': USD, 'quantity': 47656.875243148796}, {'asset': AAPL, 'quantity': 733.0}]",0.0
2020-02-29 09:29:00-05:00,94799.77203269958,47656.875243148796,"[{'asset': USD, 'quantity': 47656.875243148796}, {'asset': AAPL, 'quantity': 733.0}]",0.0
2020-03-02 08:30:00-05:00,99384.68501945495,47656.875243148796,"[{'asset': USD, 'quantity': 47656.875243148796}, {'asset': AAPL, 'quantity': 733.0}]",0.04836417734394849
2020-03-02 09:30:00-05:00,99384.68501945495,47656.875243148796,"[{'asset': USD, 'quantity': 47656.875243148796}, {'asset': AAPL, 'quantity': 733.0}]",0.0
2020-03-02 09:30:00-05:00,99384.68501945495,47656.875243148796,"[{'asset': USD, 'quantity': 47656.875243148796}, {'asset': AAPL, 'quantity': 733.0}]",0.0
2020-03-03 09:30:00-05:00,105111.86144157409,23804.21534629821,"[{'asset': USD, 'quantity': 23804.21534629821}, {'asset': AAPL, 'quantity': 1071.0}]",0.057626347771772
2020-03-04 09:30:00-05:00,102892.24806877135,11885.167319259635,"[{'asset': USD, 'quantity': 11885.167319259635}, {'asset': AAPL, 'quantity': 1228.0}]",-0.021116678387781196
2020-03-05 09:30:00-05:00,102591.40367790221,5956.36727043151,"[{'asset': USD, 'quantity': 5956.36727043151}, {'asset': AAPL, 'quantity': 1308.0}]",-0.002923878100788091
2020-03-06 09:30:00-05:00,98035.16738029479,3001.1673802947917,"[{'asset': USD, 'quantity': 3001.1673802947917}, {'asset': AAPL, 'quantity': 1348.0}]",-0.044411482193111085
2020-03-07 09:30:00-05:00,98027.52742668151,18221.52742668151,"[{'asset': USD, 'quantity': 18221.52742668151}, {'asset': AAPL, 'quantity': 1132.0}]",-7.79307448279809e-05
2020-03-07 09:29:00-05:00,98027.52742668151,18221.52742668151,"[{'asset': USD, 'quantity': 18221.52742668151}, {'asset': AAPL, 'quantity': 1132.0}]",0.0
2020-03-09 08:30:00-04:00,96652.15157218932,18221.52742668151,"[{'asset': USD, 'quantity': 18221.52742668151}, {'asset': AAPL, 'quantity': 1132.0}]",-0.014030506436275125
2020-03-09 09:30:00-04:00,96652.15157218932,20992.927573165885,"[{'asset': USD, 'quantity': 20992.927573165885}, {'asset': AAPL, 'quantity': 1092.0}]",0.0
2020-03-09 09:30:00-04:00,96652.15157218932,20992.927573165885,"[{'asset': USD, 'quantity': 20992.927573165885}, {'asset': AAPL, 'quantity': 1092.0}]",0.0
2020-03-10 09:30:00-04:00,96729.83907218932,10530.89202018737,"[{'asset': USD, 'quantity': 10530.89202018737}, {'asset': AAPL, 'quantity': 1243.0}]",0.0008037844862871513
2020-03-11 09:30:00-04:00,89656.69754692077,5260.481741867057,"[{'asset': USD, 'quantity': 5260.481741867057}, {'asset': AAPL, 'quantity': 1319.0}]",-0.0731226433654033
2020-03-12 09:30:00-04:00,91388.52490898132,40132.30707450866,"[{'asset': USD, 'quantity': 40132.30707450866}, {'asset': AAPL, 'quantity': 774.0}]",0.01931620737150408
2020-03-13 09:30:00-04:00,91388.52490898132,20066.88846488952,"[{'asset': USD, 'quantity': 20066.88846488952}, {'asset': AAPL, 'quantity': 1077.0}]",0.0
2020-03-14 09:30:00-04:00,91388.52490898132,10001.067908248893,"[{'asset': USD, 'quantity': 10001.067908248893}, {'asset': AAPL, 'quantity': 1229.0}]",0.0
2020-03-14 09:29:00-04:00,91388.52490898132,10001.067908248893,"[{'asset': USD, 'quantity': 10001.067908248893}, {'asset': AAPL, 'quantity': 1229.0}]",0.0
2020-03-16 08:30:00-04:00,86048.51372047424,10001.067908248893,"[{'asset': USD, 'quantity': 10001.067908248893}, {'asset': AAPL, 'quantity': 1229.0}]",-0.05843196609011336
2020-03-16 09:30:00-04:00,85433.29750724792,85433.29750724792,"[{'asset': USD, 'quantity': 85433.29750724792}]",-0.007149643690823382
2020-03-16 09:30:00-04:00,85433.29750724792,85433.29750724792,"[{'asset': USD, 'quantity': 85433.29750724792}]",0.0
2020-03-17 09:30:00-04:00,84098.14919181823,42737.82345481872,"[{'asset': USD, 'quantity': 42737.82345481872}, {'asset': AAPL, 'quantity': 690.0}]",-0.015627961864826956
2020-03-18 09:30:00-04:00,86090.77791496276,21398.293074569694,"[{'asset': USD, 'quantity': 21398.293074569694}, {'asset': AAPL, 'quantity': 1046.0}]",0.023694085331171566
2020-03-19 09:30:00-04:00,86026.77836891174,10698.675600967399,"[{'asset': USD, 'quantity': 10698.675600967399}, {'asset': AAPL, 'quantity': 1219.0}]",-0.0007433960709966048
2020-03-20 09:30:00-04:00,83423.03189884184,56047.84770999908,"[{'asset': USD, 'quantity': 56047.84770999908}, {'asset': AAPL, 'quantity': 443.0}]",-0.030266697410243015
2020-03-21 09:30:00-04:00,83154.22365680695,33162.070138130184,"[{'asset': USD, 'quantity': 33162.070138130184}, {'asset': AAPL, 'quantity': 809.0}]",-0.003222230550920857
2020-03-21 09:29:00-04:00,81754.56694828034,59755.547600135804,"[{'asset': USD, 'quantity': 59755.547600135804}, {'asset': AAPL, 'quantity': 356.0}]",-0.01683205791570208
2020-03-23 08:30:00-04:00,80791.5876544571,59755.547600135804,"[{'asset': USD, 'quantity': 59755.547600135804}, {'asset': AAPL, 'quantity': 356.0}]",-0.011778905200885537
2020-03-23 09:30:00-04:00,80791.5876544571,59755.547600135804,"[{'asset': USD, 'quantity': 59755.547600135804}, {'asset': AAPL, 'quantity': 356.0}]",0.0
2020-03-23 09:30:00-04:00,80791.5876544571,59755.547600135804,"[{'asset': USD, 'quantity': 59755.547600135804}, {'asset': AAPL, 'quantity': 356.0}]",0.0
2020-03-24 09:30:00-04:00,83892.63252292633,29856.00752292633,"[{'asset': USD, 'quantity': 29856.00752292633}, {'asset': AAPL, 'quantity': 862.0}]",0.038383264378121895
2020-03-25 09:30:00-04:00,82729.38369785309,14936.382522926331,"[{'asset': USD, 'quantity': 14936.382522926331}, {'asset': AAPL, 'quantity': 1100.0}]",-0.013865923503537103
2020-03-26 09:30:00-04:00,84631.08989368439,7479.152393684388,"[{'asset': USD, 'quantity': 7479.152393684388}, {'asset': AAPL, 'quantity': 1221.0}]",0.022987070745948968
2020-03-27 09:30:00-04:00,84631.08989368439,3751.089893684388,"[{'asset': USD, 'quantity': 3751.089893684388}, {'asset': AAPL, 'quantity': 1280.0}]",0.0
2020-03-28 09:30:00-04:00,84631.08989368439,1855.4648936843878,"[{'asset': USD, 'quantity': 1855.4648936843878}, {'asset': AAPL, 'quantity': 1310.0}]",0.0
2020-03-28 09:29:00-04:00,84631.08989368439,1855.4648936843878,"[{'asset': USD, 'quantity': 1855.4648936843878}, {'asset': AAPL, 'quantity': 1310.0}]",0.0
2020-03-30 08:30:00-04:00,85564.46689258575,1855.4648936843878,"[{'asset': USD, 'quantity': 1855.4648936843878}, {'asset': AAPL, 'quantity': 1310.0}]",0.01102877205142816
2020-03-30 09:30:00-04:00,85564.46689258575,1855.4648936843878,"[{'asset': USD, 'quantity': 1855.4648936843878}, {'asset': AAPL, 'quantity': 1310.0}]",0.0
2020-03-30 09:30:00-04:00,85564.46689258575,1855.4648936843878,"[{'asset': USD, 'quantity': 1855.4648936843878}, {'asset': AAPL, 'quantity': 1310.0}]",0.0
2020-03-31 09:30:00-04:00,82550.0898707962,896.9648707962042,"[{'asset': USD, 'quantity': 896.9648707962042}, {'asset': AAPL, 'quantity': 1325.0}]",-0.03522930874534258
2020-04-01 09:30:00-04:00,80503.0468932724,6718.668017539978,"[{'asset': USD, 'quantity': 6718.668017539978}, {'asset': AAPL, 'quantity': 1228.0}]",-0.024797586298546004
2020-04-02 09:30:00-04:00,81019.75261684417,17527.55181880951,"[{'asset': USD, 'quantity': 17527.55181880951}, {'asset': AAPL, 'quantity': 1046.0}]",0.006418461704397194
2020-04-03 09:30:00-04:00,81019.75261684417,8786.751708946227,"[{'asset': USD, 'quantity': 8786.751708946227}, {'asset': AAPL, 'quantity': 1190.0}]",0.0
2020-04-04 09:30:00-04:00,81019.75261684417,4416.3516540145865,"[{'asset': USD, 'quantity': 4416.3516540145865}, {'asset': AAPL, 'quantity': 1262.0}]",0.0
2020-04-04 09:29:00-04:00,81019.75261684417,4416.3516540145865,"[{'asset': USD, 'quantity': 4416.3516540145865}, {'asset': AAPL, 'quantity': 1262.0}]",0.0
2020-04-06 08:30:00-04:00,89853.74780269622,4416.3516540145865,"[{'asset': USD, 'quantity': 4416.3516540145865}, {'asset': AAPL, 'quantity': 1262.0}]",0.10903507972468729
2020-04-06 09:30:00-04:00,89853.74780269622,4416.3516540145865,"[{'asset': USD, 'quantity': 4416.3516540145865}, {'asset': AAPL, 'quantity': 1262.0}]",0.0
2020-04-06 09:30:00-04:00,89853.74780269622,4416.3516540145865,"[{'asset': USD, 'quantity': 4416.3516540145865}, {'asset': AAPL, 'quantity': 1262.0}]",0.0
2020-04-07 09:30:00-04:00,87244.3235931015,2182.2517547225943,"[{'asset': USD, 'quantity': 2182.2517547225943}, {'asset': AAPL, 'quantity': 1295.0}]",-0.02904079432863038
2020-04-08 09:30:00-04:00,89199.21080013274,1065.6067962265006,"[{'asset': USD, 'quantity': 1065.6067962265006}, {'asset': AAPL, 'quantity': 1312.0}]",0.02240704181682518
2020-04-09 09:30:00-04:00,89199.21080013274,528.2067718124381,"[{'asset': USD, 'quantity': 528.2067718124381}, {'asset': AAPL, 'quantity': 1320.0}]",0.0
2020-04-10 09:30:00-04:00,89199.21080013274,259.50675960540684,"[{'asset': USD, 'quantity': 259.50675960540684}, {'asset': AAPL, 'quantity': 1324.0}]",0.0
2020-04-10 09:29:00-04:00,89199.21080013274,259.50675960540684,"[{'asset': USD, 'quantity': 259.50675960540684}, {'asset': AAPL, 'quantity': 1324.0}]",0.0
2020-04-13 08:30:00-04:00,92939.5067596054,259.50675960540684,"[{'asset': USD, 'quantity': 259.50675960540684}, {'asset': AAPL, 'quantity': 1324.0}]",0.041931940046571414
2020-04-13 09:30:00-04:00,94086.39130855561,61746.391308555605,"[{'asset': USD, 'quantity': 61746.391308555605}, {'asset': AAPL, 'quantity': 462.0}]",0.01234011873892027
2020-04-13 09:30:00-04:00,94086.39130855561,61746.391308555605,"[{'asset': USD, 'quantity': 61746.391308555605}, {'asset': AAPL, 'quantity': 462.0}]",0.0
2020-04-14 09:30:00-04:00,94628.18993068696,30876.391308555605,"[{'asset': USD, 'quantity': 30876.391308555605}, {'asset': AAPL, 'quantity': 903.0}]",0.00575852272146915
2020-04-15 09:30:00-04:00,96025.083012352,15414.991642723086,"[{'asset': USD, 'quantity': 15414.991642723086}, {'asset': AAPL, 'quantity': 1122.0}]",0.014761912731166449
2020-04-16 09:30:00-04:00,95198.57976222993,7727.576512107851,"[{'asset': USD, 'quantity': 7727.576512107851}, {'asset': AAPL, 'quantity': 1229.0}]",-0.008607159964816202
2020-04-17 09:30:00-04:00,95198.57976222993,3884.261479148867,"[{'asset': USD, 'quantity': 3884.261479148867}, {'asset': AAPL, 'quantity': 1283.0}]",0.0
2020-04-18 09:30:00-04:00,95198.57976222993,1962.6039626693746,"[{'asset': USD, 'quantity': 1962.6039626693746}, {'asset': AAPL, 'quantity': 1310.0}]",0.0
2020-04-18 09:29:00-04:00,95198.57976222993,1962.6039626693746,"[{'asset': USD, 'quantity': 1962.6039626693746}, {'asset': AAPL, 'quantity': 1310.0}]",0.0
2020-04-20 08:30:00-04:00,92444.30356288911,1962.6039626693746,"[{'asset': USD, 'quantity': 1962.6039626693746}, {'asset': AAPL, 'quantity': 1310.0}]",-0.028931904301723432
2020-04-20 09:30:00-04:00,90667.54180027009,58757.20194126129,"[{'asset': USD, 'quantity': 58757.20194126129}, {'asset': AAPL, 'quantity': 462.0}]",-0.019219807972378766
2020-04-20 09:30:00-04:00,90667.54180027009,58757.20194126129,"[{'asset': USD, 'quantity': 58757.20194126129}, {'asset': AAPL, 'quantity': 462.0}]",0.0
2020-04-21 09:30:00-04:00,90075.46632266999,29402.452070961,"[{'asset': USD, 'quantity': 29402.452070961}, {'asset': AAPL, 'quantity': 887.0}]",-0.006530181207563435
2020-04-22 09:30:00-04:00,90698.09901309968,14695.915358314516,"[{'asset': USD, 'quantity': 14695.915358314516}, {'asset': AAPL, 'quantity': 1102.0}]",0.006912344901987888
2020-04-23 09:30:00-04:00,91100.09667850495,7316.392988929751,"[{'asset': USD, 'quantity': 7316.392988929751}, {'asset': AAPL, 'quantity': 1209.0}]",0.004432261202599319
2020-04-24 09:30:00-04:00,91100.09667850495,3643.4928271865865,"[{'asset': USD, 'quantity': 3643.4928271865865}, {'asset': AAPL, 'quantity': 1262.0}]",0.0
2020-04-25 09:30:00-04:00,91100.09667850495,1841.6927478408834,"[{'asset': USD, 'quantity': 1841.6927478408834}, {'asset': AAPL, 'quantity': 1288.0}]",0.0
2020-04-25 09:29:00-04:00,91100.09667850495,1841.6927478408834,"[{'asset': USD, 'quantity': 1841.6927478408834}, {'asset': AAPL, 'quantity': 1288.0}]",0.0
2020-04-27 08:30:00-04:00,93637.44842411042,1841.6927478408834,"[{'asset': USD, 'quantity': 1841.6927478408834}, {'asset': AAPL, 'quantity': 1288.0}]",0.027852349647441876
2020-04-27 09:30:00-04:00,93637.44842411042,1841.6927478408834,"[{'asset': USD, 'quantity': 1841.6927478408834}, {'asset': AAPL, 'quantity': 1288.0}]",0.0
2020-04-27 09:30:00-04:00,93637.44842411042,1841.6927478408834,"[{'asset': USD, 'quantity': 1841.6927478408834}, {'asset': AAPL, 'quantity': 1288.0}]",0.0
2020-04-28 09:30:00-04:00,93523.61886478425,915.1827914810201,"[{'asset': USD, 'quantity': 915.1827914810201}, {'asset': AAPL, 'quantity': 1301.0}]",-0.0012156414046077257
2020-04-29 09:30:00-04:00,95210.78704105377,4525.79971347809,"[{'asset': USD, 'quantity': 4525.79971347809}, {'asset': AAPL, 'quantity': 1251.0}]",0.018040022368133846
2020-04-30 09:30:00-04:00,94297.67497745514,18012.04997745514,"[{'asset': USD, 'quantity': 18012.04997745514}, {'asset': AAPL, 'quantity': 1066.0}]",-0.009590426589005108
2020-05-01 09:30:00-04:00,94604.00113254547,18461.501132545473,"[{'asset': USD, 'quantity': 18461.501132545473}, {'asset': AAPL, 'quantity': 1064.0}]",0.003248501674760984
2020-05-02 09:30:00-04:00,94604.00113254547,9229.938632545473,"[{'asset': USD, 'quantity': 9229.938632545473}, {'asset': AAPL, 'quantity': 1193.0}]",0.0
2020-05-02 09:29:00-04:00,94604.00113254547,9229.938632545473,"[{'asset': USD, 'quantity': 9229.938632545473}, {'asset': AAPL, 'quantity': 1193.0}]",0.0
2020-05-04 08:30:00-04:00,97231.58290439605,9229.938632545473,"[{'asset': USD, 'quantity': 9229.938632545473}, {'asset': AAPL, 'quantity': 1193.0}]",0.02777453110222261
2020-05-04 09:30:00-04:00,97231.58290439605,9229.938632545473,"[{'asset': USD, 'quantity': 9229.938632545473}, {'asset': AAPL, 'quantity': 1193.0}]",0.0
2020-05-04 09:30:00-04:00,97231.58290439605,9229.938632545473,"[{'asset': USD, 'quantity': 9229.938632545473}, {'asset': AAPL, 'quantity': 1193.0}]",0.0
2020-05-05 09:30:00-04:00,98927.18098789215,4582.743670997621,"[{'asset': USD, 'quantity': 4582.743670997621}, {'asset': AAPL, 'quantity': 1256.0}]",0.017438758403874877
2020-05-06 09:30:00-04:00,99815.21412998199,2254.1787372207655,"[{'asset': USD, 'quantity': 2254.1787372207655}, {'asset': AAPL, 'quantity': 1287.0}]",0.008976634462054767
2020-05-07 09:30:00-04:00,100602.92850070953,1117.1037326431288,"[{'asset': USD, 'quantity': 1117.1037326431288}, {'asset': AAPL, 'quantity': 1302.0}]",0.007891726502752938
2020-05-08 09:30:00-04:00,100602.92850070953,582.2337070083631,"[{'asset': USD, 'quantity': 582.2337070083631}, {'asset': AAPL, 'quantity': 1309.0}]",0.0
2020-05-09 09:30:00-04:00,100602.92850070953,276.5936923599256,"[{'asset': USD, 'quantity': 276.5936923599256}, {'asset': AAPL, 'quantity': 1313.0}]",0.0
2020-05-09 09:29:00-04:00,100602.92850070953,276.5936923599256,"[{'asset': USD, 'quantity': 276.5936923599256}, {'asset': AAPL, 'quantity': 1313.0}]",0.0
2020-05-11 08:30:00-04:00,104604.28678470611,276.5936923599256,"[{'asset': USD, 'quantity': 276.5936923599256}, {'asset': AAPL, 'quantity': 1313.0}]",0.0397737754121974
2020-05-11 09:30:00-04:00,104604.28678470611,1627.3711352920545,"[{'asset': USD, 'quantity': 1627.3711352920545}, {'asset': AAPL, 'quantity': 1296.0}]",0.0
2020-05-11 09:30:00-04:00,104604.28678470611,1627.3711352920545,"[{'asset': USD, 'quantity': 1627.3711352920545}, {'asset': AAPL, 'quantity': 1296.0}]",0.0
2020-05-12 09:30:00-04:00,102749.76917606354,832.7961688613905,"[{'asset': USD, 'quantity': 832.7961688613905}, {'asset': AAPL, 'quantity': 1306.0}]",-0.017728887272655425
2020-05-13 09:30:00-04:00,100245.76437717438,442.608676490785,"[{'asset': USD, 'quantity': 442.608676490785}, {'asset': AAPL, 'quantity': 1311.0}]",-0.024369931134331835
2020-05-14 09:30:00-04:00,98883.17437702179,969.0723872756971,"[{'asset': USD, 'quantity': 969.0723872756971}, {'asset': AAPL, 'quantity': 1304.0}]",-0.013592494492094875
2020-05-15 09:30:00-04:00,98883.17437702179,518.5473781204237,"[{'asset': USD, 'quantity': 518.5473781204237}, {'asset': AAPL, 'quantity': 1310.0}]",0.0
2020-05-16 09:30:00-04:00,98883.17437702179,293.28487354278695,"[{'asset': USD, 'quantity': 293.28487354278695}, {'asset': AAPL, 'quantity': 1313.0}]",0.0
2020-05-16 09:29:00-04:00,98883.17437702179,293.28487354278695,"[{'asset': USD, 'quantity': 293.28487354278695}, {'asset': AAPL, 'quantity': 1313.0}]",0.0
2020-05-18 08:30:00-04:00,103701.88197284698,293.28487354278695,"[{'asset': USD, 'quantity': 293.28487354278695}, {'asset': AAPL, 'quantity': 1313.0}]",0.04873131982446699
2020-05-18 09:30:00-04:00,103701.88197284698,293.28487354278695,"[{'asset': USD, 'quantity': 293.28487354278695}, {'asset': AAPL, 'quantity': 1313.0}]",0.0
2020-05-18 09:30:00-04:00,103701.88197284698,293.28487354278695,"[{'asset': USD, 'quantity': 293.28487354278695}, {'asset': AAPL, 'quantity': 1313.0}]",0.0
2020-05-19 09:30:00-04:00,104244.31746631622,135.76987415313852,"[{'asset': USD, 'quantity': 135.76987415313852}, {'asset': AAPL, 'quantity': 1315.0}]",0.005230719859175448
2020-05-20 09:30:00-04:00,104895.74108081817,56.599875984193204,"[{'asset': USD, 'quantity': 56.599875984193204}, {'asset': AAPL, 'quantity': 1316.0}]",0.006249008390432742
2020-05-21 09:30:00-04:00,103944.92626148224,56.599875984193204,"[{'asset': USD, 'quantity': 56.599875984193204}, {'asset': AAPL, 'quantity': 1316.0}]",-0.009064379635807862
2020-05-22 09:30:00-04:00,103944.92626148224,56.599875984193204,"[{'asset': USD, 'quantity': 56.599875984193204}, {'asset': AAPL, 'quantity': 1316.0}]",0.0
2020-05-23 09:30:00-04:00,103944.92626148224,56.599875984193204,"[{'asset': USD, 'quantity': 56.599875984193204}, {'asset': AAPL, 'quantity': 1316.0}]",0.0
2020-05-23 09:29:00-04:00,103944.92626148224,56.599875984193204,"[{'asset': USD, 'quantity': 56.599875984193204}, {'asset': AAPL, 'quantity': 1316.0}]",0.0
2020-05-26 08:30:00-04:00,104066.66469532013,56.599875984193204,"[{'asset': USD, 'quantity': 56.599875984193204}, {'asset': AAPL, 'quantity': 1316.0}]",0.001171182069355181
2020-05-26 09:30:00-04:00,104066.66469532013,56.599875984193204,"[{'asset': USD, 'quantity': 56.599875984193204}, {'asset': AAPL, 'quantity': 1316.0}]",0.0
2020-05-26 09:30:00-04:00,104066.66469532013,56.599875984193204,"[{'asset': USD, 'quantity': 56.599875984193204}, {'asset': AAPL, 'quantity': 1316.0}]",0.0
2020-05-27 09:30:00-04:00,104273.92626148224,56.599875984193204,"[{'asset': USD, 'quantity': 56.599875984193204}, {'asset': AAPL, 'quantity': 1316.0}]",0.0019916230309573457
2020-05-28 09:30:00-04:00,105099.41991992951,1023.9199199295058,"[{'asset': USD, 'quantity': 1023.9199199295058}, {'asset': AAPL, 'quantity': 1304.0}]",0.007916587473432601
2020-05-29 09:30:00-04:00,105099.41991992951,545.0449199295058,"[{'asset': USD, 'quantity': 545.0449199295058}, {'asset': AAPL, 'quantity': 1310.0}]",0.0
2020-05-30 09:30:00-04:00,105099.41991992951,305.6074199295058,"[{'asset': USD, 'quantity': 305.6074199295058}, {'asset': AAPL, 'quantity': 1313.0}]",0.0
2020-05-30 09:29:00-04:00,105099.41991992951,305.6074199295058,"[{'asset': USD, 'quantity': 305.6074199295058}, {'asset': AAPL, 'quantity': 1313.0}]",0.0
2020-06-01 08:30:00-04:00,105591.79491992951,305.6074199295058,"[{'asset': USD, 'quantity': 305.6074199295058}, {'asset': AAPL, 'quantity': 1313.0}]",0.004684849834329485
2020-06-01 09:30:00-04:00,105591.79491992951,305.6074199295058,"[{'asset': USD, 'quantity': 305.6074199295058}, {'asset': AAPL, 'quantity': 1313.0}]",0.0
2020-06-01 09:30:00-04:00,105591.79491992951,305.6074199295058,"[{'asset': USD, 'quantity': 305.6074199295058}, {'asset': AAPL, 'quantity': 1313.0}]",0.0
2020-06-02 09:30:00-04:00,106877.20862384797,145.2324199295058,"[{'asset': USD, 'quantity': 145.2324199295058}, {'asset': AAPL, 'quantity': 1315.0}]",0.012173424127255306
2020-06-03 09:30:00-04:00,106793.0844966507,2744.987298164369,"[{'asset': USD, 'quantity': 2744.987298164369}, {'asset': AAPL, 'quantity': 1283.0}]",-0.0007871100703363831
2020-06-04 09:30:00-04:00,106455.08171955109,1366.3297359085095,"[{'asset': USD, 'quantity': 1366.3297359085095}, {'asset': AAPL, 'quantity': 1300.0}]",-0.0031650249516879114
2020-06-05 09:30:00-04:00,107798.4388225174,62448.60046649933,"[{'asset': USD, 'quantity': 62448.60046649933}, {'asset': AAPL, 'quantity': 561.0}]",0.012619004008707746
2020-06-06 09:30:00-04:00,107798.4388225174,31245.324877510073,"[{'asset': USD, 'quantity': 31245.324877510073}, {'asset': AAPL, 'quantity': 947.0}]",0.0
2020-06-06 09:29:00-04:00,107798.4388225174,31245.324877510073,"[{'asset': USD, 'quantity': 31245.324877510073}, {'asset': AAPL, 'quantity': 947.0}]",0.0
2020-06-08 08:30:00-04:00,109879.47334552766,31245.324877510073,"[{'asset': USD, 'quantity': 31245.324877510073}, {'asset': AAPL, 'quantity': 947.0}]",0.019304866988255176
2020-06-08 09:30:00-04:00,110660.20830951692,61337.416134223946,"[{'asset': USD, 'quantity': 61337.416134223946}, {'asset': AAPL, 'quantity': 594.0}]",0.007105375919796764
2020-06-08 09:30:00-04:00,110660.20830951692,61337.416134223946,"[{'asset': USD, 'quantity': 61337.416134223946}, {'asset': AAPL, 'quantity': 594.0}]",0.0
2020-06-09 09:30:00-04:00,114454.4233134842,30697.499782905586,"[{'asset': USD, 'quantity': 30697.499782905586}, {'asset': AAPL, 'quantity': 963.0}]",0.034287076284502005
2020-06-10 09:30:00-04:00,114920.39878803254,23663.161925849927,"[{'asset': USD, 'quantity': 23663.161925849927}, {'asset': AAPL, 'quantity': 1045.0}]",0.004071275369341265
2020-06-11 09:30:00-04:00,113566.34986835481,11873.949508247388,"[{'asset': USD, 'quantity': 11873.949508247388}, {'asset': AAPL, 'quantity': 1180.0}]",-0.011782494091194695
2020-06-12 09:30:00-04:00,113566.34986835481,5927.529487190259,"[{'asset': USD, 'quantity': 5927.529487190259}, {'asset': AAPL, 'quantity': 1249.0}]",0.0
2020-06-13 09:30:00-04:00,113566.34986835481,2997.4094768142822,"[{'asset': USD, 'quantity': 2997.4094768142822}, {'asset': AAPL, 'quantity': 1283.0}]",0.0
2020-06-13 09:29:00-04:00,113566.34986835481,2997.4094768142822,"[{'asset': USD, 'quantity': 2997.4094768142822}, {'asset': AAPL, 'quantity': 1283.0}]",0.0
2020-06-15 08:30:00-04:00,115728.20173603059,2997.4094768142822,"[{'asset': USD, 'quantity': 2997.4094768142822}, {'asset': AAPL, 'quantity': 1283.0}]",0.019036024933281492
2020-06-15 09:30:00-04:00,115728.20173603059,2997.4094768142822,"[{'asset': USD, 'quantity': 2997.4094768142822}, {'asset': AAPL, 'quantity': 1283.0}]",0.0
2020-06-15 09:30:00-04:00,115728.20173603059,2997.4094768142822,"[{'asset': USD, 'quantity': 2997.4094768142822}, {'asset': AAPL, 'quantity': 1283.0}]",0.0
2020-06-16 09:30:00-04:00,116927.45252948762,1503.7045131302002,"[{'asset': USD, 'quantity': 1503.7045131302002}, {'asset': AAPL, 'quantity': 1300.0}]",0.010362649513836253
2020-06-17 09:30:00-04:00,115704.475722847,793.4045253372315,"[{'asset': USD, 'quantity': 793.4045253372315}, {'asset': AAPL, 'quantity': 1308.0}]",-0.010459278639737835
2020-06-18 09:30:00-04:00,116764.7268291092,354.14202075959474,"[{'asset': USD, 'quantity': 354.14202075959474}, {'asset': AAPL, 'quantity': 1313.0}]",0.009163440736742912
2020-06-19 09:30:00-04:00,116764.7268291092,176.822013435376,"[{'asset': USD, 'quantity': 176.822013435376}, {'asset': AAPL, 'quantity': 1315.0}]",0.0
2020-06-20 09:30:00-04:00,116764.7268291092,88.16200977326662,"[{'asset': USD, 'quantity': 88.16200977326662}, {'asset': AAPL, 'quantity': 1316.0}]",0.0
2020-06-20 09:29:00-04:00,116764.7268291092,88.16200977326662,"[{'asset': USD, 'quantity': 88.16200977326662}, {'asset': AAPL, 'quantity': 1316.0}]",0.0
2020-06-22 08:30:00-04:00,119844.16200977327,88.16200977326662,"[{'asset': USD, 'quantity': 88.16200977326662}, {'asset': AAPL, 'quantity': 1316.0}]",0.026372991778338628
2020-06-22 09:30:00-04:00,119852.83306690217,6375.8330669021725,"[{'asset': USD, 'quantity': 6375.8330669021725}, {'asset': AAPL, 'quantity': 1247.0}]",7.23527703268001e-05
2020-06-22 09:30:00-04:00,119852.83306690217,6375.8330669021725,"[{'asset': USD, 'quantity': 6375.8330669021725}, {'asset': AAPL, 'quantity': 1247.0}]",0.0
2020-06-23 09:30:00-04:00,120173.33306690217,3190.8330669021725,"[{'asset': USD, 'quantity': 3190.8330669021725}, {'asset': AAPL, 'quantity': 1282.0}]",0.0026741128415470605
2020-06-24 09:30:00-04:00,118776.91203113557,1639.5830669021725,"[{'asset': USD, 'quantity': 1639.5830669021725}, {'asset': AAPL, 'quantity': 1299.0}]",-0.011620057463074596
2020-06-25 09:30:00-04:00,119990.07923694611,828.0080394363522,"[{'asset': USD, 'quantity': 828.0080394363522}, {'asset': AAPL, 'quantity': 1308.0}]",0.01021383015490862
2020-06-26 09:30:00-04:00,119990.07923694611,372.4955348587155,"[{'asset': USD, 'quantity': 372.4955348587155}, {'asset': AAPL, 'quantity': 1313.0}]",0.0
2020-06-27 09:30:00-04:00,119990.07923694611,190.29053302766079,"[{'asset': USD, 'quantity': 190.29053302766079}, {'asset': AAPL, 'quantity': 1315.0}]",0.0
2020-06-27 09:29:00-04:00,119990.07923694611,190.29053302766079,"[{'asset': USD, 'quantity': 190.29053302766079}, {'asset': AAPL, 'quantity': 1315.0}]",0.0
2020-06-29 08:30:00-04:00,118566.58611865998,190.29053302766079,"[{'asset': USD, 'quantity': 190.29053302766079}, {'asset': AAPL, 'quantity': 1315.0}]",-0.011863423437492249
2020-06-29 09:30:00-04:00,118566.58611865998,190.29053302766079,"[{'asset': USD, 'quantity': 190.29053302766079}, {'asset': AAPL, 'quantity': 1315.0}]",0.0
2020-06-29 09:30:00-04:00,118566.58611865998,190.29053302766079,"[{'asset': USD, 'quantity': 190.29053302766079}, {'asset': AAPL, 'quantity': 1315.0}]",0.0
2020-06-30 09:30:00-04:00,120224.74892993928,100.27053638459438,"[{'asset': USD, 'quantity': 100.27053638459438}, {'asset': AAPL, 'quantity': 1316.0}]",0.01398507678731531
2020-07-01 09:30:00-04:00,121123.60504718781,8.990537605297504,"[{'asset': USD, 'quantity': 8.990537605297504}, {'asset': AAPL, 'quantity': 1317.0}]",0.0074764649146603634
2020-07-02 09:30:00-04:00,121123.60504718781,8.990537605297504,"[{'asset': USD, 'quantity': 8.990537605297504}, {'asset': AAPL, 'quantity': 1317.0}]",0.0
2020-07-03 09:30:00-04:00,121123.60504718781,8.990537605297504,"[{'asset': USD, 'quantity': 8.990537605297504}, {'asset': AAPL, 'quantity': 1317.0}]",0.0
2020-07-03 09:29:00-04:00,121123.60504718781,8.990537605297504,"[{'asset': USD, 'quantity': 8.990537605297504}, {'asset': AAPL, 'quantity': 1317.0}]",0.0
2020-07-06 08:30:00-04:00,123612.7342433548,8.990537605297504,"[{'asset': USD, 'quantity': 8.990537605297504}, {'asset': AAPL, 'quantity': 1317.0}]",0.02055032291350045
2020-07-06 09:30:00-04:00,123614.04724079133,667.2710414505124,"[{'asset': USD, 'quantity': 667.2710414505124}, {'asset': AAPL, 'quantity': 1310.0}]",1.0621862258419767e-05
2020-07-06 09:30:00-04:00,123614.04724079133,667.2710414505124,"[{'asset': USD, 'quantity': 667.2710414505124}, {'asset': AAPL, 'quantity': 1310.0}]",0.0
2020-07-07 09:30:00-04:00,124044.38143878938,291.861037788403,"[{'asset': USD, 'quantity': 291.861037788403}, {'asset': AAPL, 'quantity': 1314.0}]",0.003481272619120679
2020-07-08 09:30:00-04:00,126783.68852191926,198.5050349807858,"[{'asset': USD, 'quantity': 198.5050349807858}, {'asset': AAPL, 'quantity': 1315.0}]",0.022083282220094924
2020-07-09 09:30:00-04:00,125573.30380970002,1161.1300044632076,"[{'asset': USD, 'quantity': 1161.1300044632076}, {'asset': AAPL, 'quantity': 1305.0}]",-0.00954684885989876
2020-07-10 09:30:00-04:00,125573.30380970002,589.1200099563716,"[{'asset': USD, 'quantity': 589.1200099563716}, {'asset': AAPL, 'quantity': 1311.0}]",0.0
2020-07-11 09:30:00-04:00,125573.30380970002,303.11501270295366,"[{'asset': USD, 'quantity': 303.11501270295366}, {'asset': AAPL, 'quantity': 1314.0}]",0.0
2020-07-11 09:29:00-04:00,125573.30380970002,303.11501270295366,"[{'asset': USD, 'quantity': 303.11501270295366}, {'asset': AAPL, 'quantity': 1314.0}]",0.0
2020-07-13 08:30:00-04:00,124922.87020069124,303.11501270295366,"[{'asset': USD, 'quantity': 303.11501270295366}, {'asset': AAPL, 'quantity': 1314.0}]",-0.005179712480882781
2020-07-13 09:30:00-04:00,125775.88236499787,38523.0857341385,"[{'asset': USD, 'quantity': 38523.0857341385}, {'asset': AAPL, 'quantity': 920.0}]",0.006828310644289903
2020-07-13 09:30:00-04:00,125775.88236499787,38523.0857341385,"[{'asset': USD, 'quantity': 38523.0857341385}, {'asset': AAPL, 'quantity': 920.0}]",0.0
2020-07-14 09:30:00-04:00,130436.33407855988,19270.5664775467,"[{'asset': USD, 'quantity': 19270.5664775467}, {'asset': AAPL, 'quantity': 1123.0}]",0.037053619707771324
2020-07-15 09:30:00-04:00,127518.48164630891,11450.356646308908,"[{'asset': USD, 'quantity': 11450.356646308908}, {'asset': AAPL, 'quantity': 1202.0}]",-0.02236993589909997
2020-07-16 09:30:00-04:00,128054.41049457551,5753.169146308908,"[{'asset': USD, 'quantity': 5753.169146308908}, {'asset': AAPL, 'quantity': 1261.0}]",0.004202754309395651
2020-07-17 09:30:00-04:00,128054.41049457551,2843.544054756174,"[{'asset': USD, 'quantity': 2843.544054756174}, {'asset': AAPL, 'quantity': 1291.0}]",0.0
2020-07-18 09:30:00-04:00,128054.41049457551,1388.7315089798067,"[{'asset': USD, 'quantity': 1388.7315089798067}, {'asset': AAPL, 'quantity': 1306.0}]",0.0
2020-07-18 09:29:00-04:00,128054.41049457551,1388.7315089798067,"[{'asset': USD, 'quantity': 1388.7315089798067}, {'asset': AAPL, 'quantity': 1306.0}]",0.0
2020-07-20 08:30:00-04:00,130908.01730609895,1388.7315089798067,"[{'asset': USD, 'quantity': 1388.7315089798067}, {'asset': AAPL, 'quantity': 1306.0}]",0.022284330547477138
2020-07-20 09:30:00-04:00,130908.01730609895,1388.7315089798067,"[{'asset': USD, 'quantity': 1388.7315089798067}, {'asset': AAPL, 'quantity': 1306.0}]",0.0
2020-07-20 09:30:00-04:00,130908.01730609895,1388.7315089798067,"[{'asset': USD, 'quantity': 1388.7315089798067}, {'asset': AAPL, 'quantity': 1306.0}]",0.0
2020-07-21 09:30:00-04:00,127651.77289844514,694.5240047073457,"[{'asset': USD, 'quantity': 694.5240047073457}, {'asset': AAPL, 'quantity': 1313.0}]",-0.024874293222544308
2020-07-22 09:30:00-04:00,128053.45830036164,307.75401569367386,"[{'asset': USD, 'quantity': 307.75401569367386}, {'asset': AAPL, 'quantity': 1317.0}]",0.0031467279521144587
2020-07-23 09:30:00-04:00,120496.77877880097,14041.400208244333,"[{'asset': USD, 'quantity': 14041.400208244333}, {'asset': AAPL, 'quantity': 1170.0}]",-0.05901191285155105
2020-07-24 09:30:00-04:00,120302.09215351105,32681.12671466828,"[{'asset': USD, 'quantity': 32681.12671466828}, {'asset': AAPL, 'quantity': 963.0}]",-0.0016156998325018712
2020-07-25 09:30:00-04:00,120302.09215351105,16303.376165351874,"[{'asset': USD, 'quantity': 16303.376165351874}, {'asset': AAPL, 'quantity': 1143.0}]",0.0
2020-07-25 09:29:00-04:00,120302.09215351105,16303.376165351874,"[{'asset': USD, 'quantity': 16303.376165351874}, {'asset': AAPL, 'quantity': 1143.0}]",0.0
2020-07-27 08:30:00-04:00,124165.42901416779,16303.376165351874,"[{'asset': USD, 'quantity': 16303.376165351874}, {'asset': AAPL, 'quantity': 1143.0}]",0.03211362987542188
2020-07-27 09:30:00-04:00,124165.42901416779,16303.376165351874,"[{'asset': USD, 'quantity': 16303.376165351874}, {'asset': AAPL, 'quantity': 1143.0}]",0.0
2020-07-27 09:30:00-04:00,124165.42901416779,16303.376165351874,"[{'asset': USD, 'quantity': 16303.376165351874}, {'asset': AAPL, 'quantity': 1143.0}]",0.0
2020-07-28 09:30:00-04:00,123406.52113910676,8187.771139106757,"[{'asset': USD, 'quantity': 8187.771139106757}, {'asset': AAPL, 'quantity': 1229.0}]",-0.006112070655145407
2020-07-29 09:30:00-04:00,123963.45863910676,4062.771139106757,"[{'asset': USD, 'quantity': 4062.771139106757}, {'asset': AAPL, 'quantity': 1273.0}]",0.004513031360573017
2020-07-30 09:30:00-04:00,135226.72390552523,1990.646139106757,"[{'asset': USD, 'quantity': 1990.646139106757}, {'asset': AAPL, 'quantity': 1295.0}]",0.09085955966434489
2020-07-31 09:30:00-04:00,135866.96755939483,84733.12149768829,"[{'asset': USD, 'quantity': 84733.12149768829}, {'asset': AAPL, 'quantity': 497.0}]",0.004734594134787384
2020-08-01 09:30:00-04:00,135866.96755939483,42344.50061756134,"[{'asset': USD, 'quantity': 42344.50061756134}, {'asset': AAPL, 'quantity': 909.0}]",0.0
2020-08-01 09:29:00-04:00,135866.96755939483,42344.50061756134,"[{'asset': USD, 'quantity': 42344.50061756134}, {'asset': AAPL, 'quantity': 909.0}]",0.0
2020-08-03 08:30:00-04:00,141545.94284015655,42344.50061756134,"[{'asset': USD, 'quantity': 42344.50061756134}, {'asset': AAPL, 'quantity': 909.0}]",0.041798057193549454
2020-08-03 09:30:00-04:00,141569.78338428496,78927.72855945586,"[{'asset': USD, 'quantity': 78927.72855945586}, {'asset': AAPL, 'quantity': 574.0}]",0.00016842972430053393
2020-08-03 09:30:00-04:00,141569.78338428496,78927.72855945586,"[{'asset': USD, 'quantity': 78927.72855945586}, {'asset': AAPL, 'quantity': 574.0}]",0.0
2020-08-04 09:30:00-04:00,141799.10595508575,39421.763669929496,"[{'asset': USD, 'quantity': 39421.763669929496}, {'asset': AAPL, 'quantity': 936.0}]",0.0016198553484982892
2020-08-05 09:30:00-04:00,142945.79186817168,19733.81323047637,"[{'asset': USD, 'quantity': 19733.81323047637}, {'asset': AAPL, 'quantity': 1116.0}]",0.008086693532814992
2020-08-06 09:30:00-04:00,146287.91129871368,27083.04437061309,"[{'asset': USD, 'quantity': 27083.04437061309}, {'asset': AAPL, 'quantity': 1053.0}]",0.02338032751341279
2020-08-07 09:30:00-04:00,146287.91129871368,13498.444150886527,"[{'asset': USD, 'quantity': 13498.444150886527}, {'asset': AAPL, 'quantity': 1173.0}]",0.0
2020-08-08 09:30:00-04:00,146287.91129871368,6706.144041023246,"[{'asset': USD, 'quantity': 6706.144041023246}, {'asset': AAPL, 'quantity': 1233.0}]",0.0
2020-08-08 09:29:00-04:00,146287.91129871368,6706.144041023246,"[{'asset': USD, 'quantity': 6706.144041023246}, {'asset': AAPL, 'quantity': 1233.0}]",0.0
2020-08-10 08:30:00-04:00,144765.1555461502,6706.144041023246,"[{'asset': USD, 'quantity': 6706.144041023246}, {'asset': AAPL, 'quantity': 1233.0}]",-0.010409306818620623
2020-08-10 09:30:00-04:00,144765.1555461502,6706.144041023246,"[{'asset': USD, 'quantity': 6706.144041023246}, {'asset': AAPL, 'quantity': 1233.0}]",0.0
2020-08-10 09:30:00-04:00,144765.1555461502,6706.144041023246,"[{'asset': USD, 'quantity': 6706.144041023246}, {'asset': AAPL, 'quantity': 1233.0}]",0.0
2020-08-11 09:30:00-04:00,142905.38342090606,3347.0440044021525,"[{'asset': USD, 'quantity': 3347.0440044021525}, {'asset': AAPL, 'quantity': 1263.0}]",-0.012846821586505741
2020-08-12 09:30:00-04:00,147931.1219310379,1689.5815410232462,"[{'asset': USD, 'quantity': 1689.5815410232462}, {'asset': AAPL, 'quantity': 1278.0}]",0.03516829380268538
2020-08-13 09:30:00-04:00,148445.1238917923,888.5715388870158,"[{'asset': USD, 'quantity': 888.5715388870158}, {'asset': AAPL, 'quantity': 1285.0}]",0.0034746032751242772
2020-08-14 09:30:00-04:00,148445.1238917923,429.251531562797,"[{'asset': USD, 'quantity': 429.251531562797}, {'asset': AAPL, 'quantity': 1289.0}]",0.0
2020-08-15 09:30:00-04:00,148445.1238917923,199.59152790068765,"[{'asset': USD, 'quantity': 199.59152790068765}, {'asset': AAPL, 'quantity': 1291.0}]",0.0
2020-08-15 09:29:00-04:00,148445.1238917923,199.59152790068765,"[{'asset': USD, 'quantity': 199.59152790068765}, {'asset': AAPL, 'quantity': 1291.0}]",0.0
2020-08-17 08:30:00-04:00,147828.6702098465,199.59152790068765,"[{'asset': USD, 'quantity': 199.59152790068765}, {'asset': AAPL, 'quantity': 1291.0}]",-0.00415273783189507
2020-08-17 09:30:00-04:00,147828.6702098465,199.59152790068765,"[{'asset': USD, 'quantity': 199.59152790068765}, {'asset': AAPL, 'quantity': 1291.0}]",0.0
2020-08-17 09:30:00-04:00,147828.6702098465,199.59152790068765,"[{'asset': USD, 'quantity': 199.59152790068765}, {'asset': AAPL, 'quantity': 1291.0}]",0.0
2020-08-18 09:30:00-04:00,149934.6266612625,85.23902698516031,"[{'asset': USD, 'quantity': 85.23902698516031}, {'asset': AAPL, 'quantity': 1292.0}]",0.014245927048025075
2020-08-19 09:30:00-04:00,149634.23902698516,85.23902698516031,"[{'asset': USD, 'quantity': 85.23902698516031}, {'asset': AAPL, 'quantity': 1292.0}]",-0.002003457379835205
2020-08-20 09:30:00-04:00,154172.38508411407,85.23902698516031,"[{'asset': USD, 'quantity': 85.23902698516031}, {'asset': AAPL, 'quantity': 1292.0}]",0.030328259672644187
2020-08-21 09:30:00-04:00,155944.57645374298,52186.20410877227,"[{'asset': USD, 'quantity': 52186.20410877227}, {'asset': AAPL, 'quantity': 870.0}]",0.011494868997856011
2020-08-22 09:30:00-04:00,155944.57645374298,26067.71727710723,"[{'asset': USD, 'quantity': 26067.71727710723}, {'asset': AAPL, 'quantity': 1089.0}]",0.0
2020-08-22 09:29:00-04:00,155944.57645374298,26067.71727710723,"[{'asset': USD, 'quantity': 26067.71727710723}, {'asset': AAPL, 'quantity': 1089.0}]",0.0
2020-08-24 08:30:00-04:00,161863.29710346222,26067.71727710723,"[{'asset': USD, 'quantity': 26067.71727710723}, {'asset': AAPL, 'quantity': 1089.0}]",0.037954001250404934
2020-08-24 09:30:00-04:00,161863.29710346222,26067.71727710723,"[{'asset': USD, 'quantity': 26067.71727710723}, {'asset': AAPL, 'quantity': 1089.0}]",0.0
2020-08-24 09:30:00-04:00,161863.29710346222,26067.71727710723,"[{'asset': USD, 'quantity': 26067.71727710723}, {'asset': AAPL, 'quantity': 1089.0}]",0.0
2020-08-25 09:30:00-04:00,163633.39991718292,12974.47955280303,"[{'asset': USD, 'quantity': 12974.47955280303}, {'asset': AAPL, 'quantity': 1194.0}]",0.010935788689570902
2020-08-26 09:30:00-04:00,164831.71431690216,6539.299537239065,"[{'asset': USD, 'quantity': 6539.299537239065}, {'asset': AAPL, 'quantity': 1245.0}]",0.007323165077091298
2020-08-27 09:30:00-04:00,163395.47811084747,3233.5944896316432,"[{'asset': USD, 'quantity': 3233.5944896316432}, {'asset': AAPL, 'quantity': 1271.0}]",-0.008713348714516234
2020-08-28 09:30:00-04:00,163395.47811084747,1595.4320293044948,"[{'asset': USD, 'quantity': 1595.4320293044948}, {'asset': AAPL, 'quantity': 1284.0}]",0.0
2020-08-29 09:30:00-04:00,163395.47811084747,839.3570476150417,"[{'asset': USD, 'quantity': 839.3570476150417}, {'asset': AAPL, 'quantity': 1290.0}]",0.0
2020-08-29 09:29:00-04:00,163395.47811084747,839.3570476150417,"[{'asset': USD, 'quantity': 839.3570476150417}, {'asset': AAPL, 'quantity': 1290.0}]",0.0
2020-08-31 08:30:00-04:00,172099.7499614334,839.3570476150417,"[{'asset': USD, 'quantity': 839.3570476150417}, {'asset': AAPL, 'quantity': 1290.0}]",0.053271191780968064
2020-08-31 09:30:00-04:00,172147.87017017364,90633.23354297638,"[{'asset': USD, 'quantity': 90633.23354297638}, {'asset': AAPL, 'quantity': 614.0}]",0.0002796065000154613
2020-08-31 09:30:00-04:00,172147.87017017364,90633.23354297638,"[{'asset': USD, 'quantity': 90633.23354297638}, {'asset': AAPL, 'quantity': 614.0}]",0.0
2020-09-01 09:30:00-04:00,176760.52191883087,45362.07541614532,"[{'asset': USD, 'quantity': 45362.07541614532}, {'asset': AAPL, 'quantity': 955.0}]",0.026794707039346388
2020-09-02 09:30:00-04:00,166872.08473621367,49353.4213451004,"[{'asset': USD, 'quantity': 49353.4213451004}, {'asset': AAPL, 'quantity': 926.0}]",-0.055942566107368696
2020-09-03 09:30:00-04:00,162422.2110751724,91821.05125461577,"[{'asset': USD, 'quantity': 91821.05125461577}, {'asset': AAPL, 'quantity': 588.0}]",-0.02666637543406669
2020-09-04 09:30:00-04:00,160753.716108284,114886.97622486114,"[{'asset': USD, 'quantity': 114886.97622486114}, {'asset': AAPL, 'quantity': 382.0}]",-0.01027257882923538
2020-09-05 09:30:00-04:00,158460.37911411285,101066.91925998687,"[{'asset': USD, 'quantity': 101066.91925998687}, {'asset': AAPL, 'quantity': 478.0}]",-0.014266152283698097
2020-09-05 09:29:00-04:00,155590.70612140655,155590.70612140655,"[{'asset': USD, 'quantity': 155590.70612140655}]",-0.018109719342774944
2020-09-08 08:30:00-04:00,155590.70612140655,155590.70612140655,"[{'asset': USD, 'quantity': 155590.70612140655}]",0.0
2020-09-08 09:30:00-04:00,155590.70612140655,155590.70612140655,"[{'asset': USD, 'quantity': 155590.70612140655}]",0.0
2020-09-08 09:30:00-04:00,155590.70612140655,155590.70612140655,"[{'asset': USD, 'quantity': 155590.70612140655}]",0.0
2020-09-09 09:30:00-04:00,157646.00510974883,77847.32470508575,"[{'asset': USD, 'quantity': 77847.32470508575}, {'asset': AAPL, 'quantity': 663.0}]",0.013209651396135058
2020-09-10 09:30:00-04:00,151937.06420703887,38971.04450794219,"[{'asset': USD, 'quantity': 38971.04450794219}, {'asset': AAPL, 'quantity': 986.0}]",-0.036213673151663794
2020-09-11 09:30:00-04:00,149759.7230407333,130282.8230926132,"[{'asset': USD, 'quantity': 130282.8230926132}, {'asset': AAPL, 'quantity': 170.0}]",-0.014330546517198561
2020-09-12 09:30:00-04:00,149759.7230407333,65092.493266258214,"[{'asset': USD, 'quantity': 65092.493266258214}, {'asset': AAPL, 'quantity': 739.0}]",0.0
2020-09-12 09:29:00-04:00,149759.7230407333,65092.493266258214,"[{'asset': USD, 'quantity': 65092.493266258214}, {'asset': AAPL, 'quantity': 739.0}]",0.0
2020-09-14 08:30:00-04:00,152538.36461940763,65092.493266258214,"[{'asset': USD, 'quantity': 65092.493266258214}, {'asset': AAPL, 'quantity': 739.0}]",0.01855399784572609
2020-09-14 09:30:00-04:00,152538.36461940763,65092.493266258214,"[{'asset': USD, 'quantity': 65092.493266258214}, {'asset': AAPL, 'quantity': 739.0}]",0.0
2020-09-14 09:30:00-04:00,152538.36461940763,65092.493266258214,"[{'asset': USD, 'quantity': 65092.493266258214}, {'asset': AAPL, 'quantity': 739.0}]",0.0
2020-09-15 09:30:00-04:00,149394.96616664884,32551.742762718175,"[{'asset': USD, 'quantity': 32551.742762718175}, {'asset': AAPL, 'quantity': 1014.0}]",-0.020607264674704973
2020-09-16 09:30:00-04:00,143771.62634197233,47218.025267753575,"[{'asset': USD, 'quantity': 47218.025267753575}, {'asset': AAPL, 'quantity': 880.0}]",-0.03764075838006298
2020-09-17 09:30:00-04:00,143233.15256877898,119497.15224071502,"[{'asset': USD, 'quantity': 119497.15224071502}, {'asset': AAPL, 'quantity': 215.0}]",-0.0037453410446407487
2020-09-18 09:30:00-04:00,143233.15256877898,59770.75141521453,"[{'asset': USD, 'quantity': 59770.75141521453}, {'asset': AAPL, 'quantity': 756.0}]",0.0
2020-09-19 09:30:00-04:00,143233.15256877898,29852.351001701347,"[{'asset': USD, 'quantity': 29852.351001701347}, {'asset': AAPL, 'quantity': 1027.0}]",0.0
2020-09-19 09:29:00-04:00,143233.15256877898,29852.351001701347,"[{'asset': USD, 'quantity': 29852.351001701347}, {'asset': AAPL, 'quantity': 1027.0}]",0.0
2020-09-21 08:30:00-04:00,145574.71131511687,29852.351001701347,"[{'asset': USD, 'quantity': 29852.351001701347}, {'asset': AAPL, 'quantity': 1027.0}]",0.016347882486308363
2020-09-21 09:30:00-04:00,145574.71131511687,29852.351001701347,"[{'asset': USD, 'quantity': 29852.351001701347}, {'asset': AAPL, 'quantity': 1027.0}]",0.0
2020-09-21 09:30:00-04:00,145574.71131511687,29852.351001701347,"[{'asset': USD, 'quantity': 29852.351001701347}, {'asset': AAPL, 'quantity': 1027.0}]",0.0
2020-09-22 09:30:00-04:00,144346.17414470672,14978.590961418144,"[{'asset': USD, 'quantity': 14978.590961418144}, {'asset': AAPL, 'quantity': 1159.0}]",-0.00843922106601891
2020-09-23 09:30:00-04:00,136686.10081249237,21630.12281566619,"[{'asset': USD, 'quantity': 21630.12281566619}, {'asset': AAPL, 'quantity': 1094.0}]",-0.05306738039717729
2020-09-24 09:30:00-04:00,140369.9032264328,17844.002881584158,"[{'asset': USD, 'quantity': 17844.002881584158}, {'asset': AAPL, 'quantity': 1130.0}]",0.026950819374048196
2020-09-25 09:30:00-04:00,140369.9032264328,8952.742856559744,"[{'asset': USD, 'quantity': 8952.742856559744}, {'asset': AAPL, 'quantity': 1212.0}]",0.0
2020-09-26 09:30:00-04:00,140369.9032264328,4507.112844047537,"[{'asset': USD, 'quantity': 4507.112844047537}, {'asset': AAPL, 'quantity': 1253.0}]",0.0
2020-09-26 09:29:00-04:00,140369.9032264328,4507.112844047537,"[{'asset': USD, 'quantity': 4507.112844047537}, {'asset': AAPL, 'quantity': 1253.0}]",0.0
2020-09-28 08:30:00-04:00,148038.26666790008,4507.112844047537,"[{'asset': USD, 'quantity': 4507.112844047537}, {'asset': AAPL, 'quantity': 1253.0}]",0.054629683893828274
2020-09-28 09:30:00-04:00,148038.26666790008,4507.112844047537,"[{'asset': USD, 'quantity': 4507.112844047537}, {'asset': AAPL, 'quantity': 1253.0}]",0.0
2020-09-28 09:30:00-04:00,148038.26666790008,4507.112844047537,"[{'asset': USD, 'quantity': 4507.112844047537}, {'asset': AAPL, 'quantity': 1253.0}]",0.0
2020-09-29 09:30:00-04:00,147070.7839484787,2216.1127830123805,"[{'asset': USD, 'quantity': 2216.1127830123805}, {'asset': AAPL, 'quantity': 1273.0}]",-0.00653535562931018
2020-09-30 09:30:00-04:00,152010.33199077606,1078.212773857107,"[{'asset': USD, 'quantity': 1078.212773857107}, {'asset': AAPL, 'quantity': 1283.0}]",0.03358619509383831
2020-10-01 09:30:00-04:00,145892.33199077606,490.0127769088649,"[{'asset': USD, 'quantity': 490.0127769088649}, {'asset': AAPL, 'quantity': 1288.0}]",-0.04024726424761205
2020-10-02 09:30:00-04:00,145892.33199077606,264.23277812956803,"[{'asset': USD, 'quantity': 264.23277812956803}, {'asset': AAPL, 'quantity': 1290.0}]",0.0
2020-10-03 09:30:00-04:00,145892.33199077606,151.3427787399196,"[{'asset': USD, 'quantity': 151.3427787399196}, {'asset': AAPL, 'quantity': 1291.0}]",0.0
2020-10-03 09:29:00-04:00,145892.33199077606,151.3427787399196,"[{'asset': USD, 'quantity': 151.3427787399196}, {'asset': AAPL, 'quantity': 1291.0}]",0.0
2020-10-05 08:30:00-04:00,149520.0388389206,151.3427787399196,"[{'asset': USD, 'quantity': 151.3427787399196}, {'asset': AAPL, 'quantity': 1291.0}]",0.024865644401200537
2020-10-05 09:30:00-04:00,149520.0388389206,151.3427787399196,"[{'asset': USD, 'quantity': 151.3427787399196}, {'asset': AAPL, 'quantity': 1291.0}]",0.0
2020-10-05 09:30:00-04:00,149520.0388389206,151.3427787399196,"[{'asset': USD, 'quantity': 151.3427787399196}, {'asset': AAPL, 'quantity': 1291.0}]",0.0
2020-10-06 09:30:00-04:00,148124.68633037567,35.64278179167741,"[{'asset': USD, 'quantity': 35.64278179167741}, {'asset': AAPL, 'quantity': 1292.0}]",-0.009332210714900535
2020-10-07 09:30:00-04:00,150230.64278179168,35.64278179167741,"[{'asset': USD, 'quantity': 35.64278179167741}, {'asset': AAPL, 'quantity': 1292.0}]",0.014217457627008434
2020-10-08 09:30:00-04:00,148977.40120464325,35.64278179167741,"[{'asset': USD, 'quantity': 35.64278179167741}, {'asset': AAPL, 'quantity': 1292.0}]",-0.0083421168540746
2020-10-09 09:30:00-04:00,148977.40120464325,35.64278179167741,"[{'asset': USD, 'quantity': 35.64278179167741}, {'asset': AAPL, 'quantity': 1292.0}]",0.0
2020-10-10 09:30:00-04:00,148977.40120464325,35.64278179167741,"[{'asset': USD, 'quantity': 35.64278179167741}, {'asset': AAPL, 'quantity': 1292.0}]",0.0
2020-10-10 09:29:00-04:00,148977.40120464325,35.64278179167741,"[{'asset': USD, 'quantity': 35.64278179167741}, {'asset': AAPL, 'quantity': 1292.0}]",0.0
2020-10-12 08:30:00-04:00,161884.47844463348,35.64278179167741,"[{'asset': USD, 'quantity': 35.64278179167741}, {'asset': AAPL, 'quantity': 1292.0}]",0.08663781980100715
2020-10-12 09:30:00-04:00,161884.47844463348,35.64278179167741,"[{'asset': USD, 'quantity': 35.64278179167741}, {'asset': AAPL, 'quantity': 1292.0}]",0.0
2020-10-12 09:30:00-04:00,161884.47844463348,35.64278179167741,"[{'asset': USD, 'quantity': 35.64278179167741}, {'asset': AAPL, 'quantity': 1292.0}]",0.0
2020-10-13 09:30:00-04:00,156367.64278179168,35.64278179167741,"[{'asset': USD, 'quantity': 35.64278179167741}, {'asset': AAPL, 'quantity': 1292.0}]",-0.034078842615715144
2020-10-14 09:30:00-04:00,153421.88435894012,35.64278179167741,"[{'asset': USD, 'quantity': 35.64278179167741}, {'asset': AAPL, 'quantity': 1292.0}]",-0.018838670011559366
2020-10-15 09:30:00-04:00,156729.40120464325,35.64278179167741,"[{'asset': USD, 'quantity': 35.64278179167741}, {'asset': AAPL, 'quantity': 1292.0}]",0.021558311967834864
2020-10-16 09:30:00-04:00,156729.40120464325,35.64278179167741,"[{'asset': USD, 'quantity': 35.64278179167741}, {'asset': AAPL, 'quantity': 1292.0}]",0.0
2020-10-17 09:30:00-04:00,156729.40120464325,35.64278179167741,"[{'asset': USD, 'quantity': 35.64278179167741}, {'asset': AAPL, 'quantity': 1292.0}]",0.0
2020-10-17 09:29:00-04:00,156729.40120464325,35.64278179167741,"[{'asset': USD, 'quantity': 35.64278179167741}, {'asset': AAPL, 'quantity': 1292.0}]",0.0
2020-10-19 08:30:00-04:00,150166.0388389206,35.64278179167741,"[{'asset': USD, 'quantity': 35.64278179167741}, {'asset': AAPL, 'quantity': 1292.0}]",-0.0418770333790327
2020-10-19 09:30:00-04:00,150166.0388389206,35.64278179167741,"[{'asset': USD, 'quantity': 35.64278179167741}, {'asset': AAPL, 'quantity': 1292.0}]",0.0
2020-10-19 09:30:00-04:00,150166.0388389206,35.64278179167741,"[{'asset': USD, 'quantity': 35.64278179167741}, {'asset': AAPL, 'quantity': 1292.0}]",0.0
2020-10-20 09:30:00-04:00,150773.28041606903,35.64278179167741,"[{'asset': USD, 'quantity': 35.64278179167741}, {'asset': AAPL, 'quantity': 1292.0}]",0.004043800994177005
2020-10-21 09:30:00-04:00,151781.0388389206,35.64278179167741,"[{'asset': USD, 'quantity': 35.64278179167741}, {'asset': AAPL, 'quantity': 1292.0}]",0.006683932458527053
2020-10-22 09:30:00-04:00,150411.52199321747,35.64278179167741,"[{'asset': USD, 'quantity': 35.64278179167741}, {'asset': AAPL, 'quantity': 1292.0}]",-0.009022977153006151
2020-10-23 09:30:00-04:00,150411.52199321747,35.64278179167741,"[{'asset': USD, 'quantity': 35.64278179167741}, {'asset': AAPL, 'quantity': 1292.0}]",0.0
2020-10-24 09:30:00-04:00,150411.52199321747,35.64278179167741,"[{'asset': USD, 'quantity': 35.64278179167741}, {'asset': AAPL, 'quantity': 1292.0}]",0.0
2020-10-24 09:29:00-04:00,150411.52199321747,35.64278179167741,"[{'asset': USD, 'quantity': 35.64278179167741}, {'asset': AAPL, 'quantity': 1292.0}]",0.0
2020-10-26 08:30:00-04:00,149248.72002178192,35.64278179167741,"[{'asset': USD, 'quantity': 35.64278179167741}, {'asset': AAPL, 'quantity': 1292.0}]",-0.007730803837540989
2020-10-26 09:30:00-04:00,149248.72002178192,35.64278179167741,"[{'asset': USD, 'quantity': 35.64278179167741}, {'asset': AAPL, 'quantity': 1292.0}]",0.0
2020-10-26 09:30:00-04:00,149248.72002178192,35.64278179167741,"[{'asset': USD, 'quantity': 35.64278179167741}, {'asset': AAPL, 'quantity': 1292.0}]",0.0
2020-10-27 09:30:00-04:00,148680.24672466278,35.64278179167741,"[{'asset': USD, 'quantity': 35.64278179167741}, {'asset': AAPL, 'quantity': 1292.0}]",-0.0038088989777343984
2020-10-28 09:30:00-04:00,145214.6263137436,594.4327788925075,"[{'asset': USD, 'quantity': 594.4327788925075}, {'asset': AAPL, 'quantity': 1287.0}]",-0.02330921885902626
2020-10-29 09:30:00-04:00,143524.7196212387,257.3227706527614,"[{'asset': USD, 'quantity': 257.3227706527614}, {'asset': AAPL, 'quantity': 1290.0}]",-0.011637303592640591
2020-10-30 09:30:00-04:00,143449.22976070404,3513.632836875906,"[{'asset': USD, 'quantity': 3513.632836875906}, {'asset': AAPL, 'quantity': 1260.0}]",-0.0005259711409566492
2020-10-31 09:30:00-04:00,143449.22976070404,1736.672875938406,"[{'asset': USD, 'quantity': 1736.672875938406}, {'asset': AAPL, 'quantity': 1276.0}]",0.0
2020-10-31 09:29:00-04:00,143449.22976070404,1736.672875938406,"[{'asset': USD, 'quantity': 1736.672875938406}, {'asset': AAPL, 'quantity': 1276.0}]",0.0
2020-11-02 08:30:00-05:00,140961.033654747,1736.672875938406,"[{'asset': USD, 'quantity': 1736.672875938406}, {'asset': AAPL, 'quantity': 1276.0}]",-0.0173454825104864
2020-11-02 09:30:00-05:00,140961.033654747,1736.672875938406,"[{'asset': USD, 'quantity': 1736.672875938406}, {'asset': AAPL, 'quantity': 1276.0}]",0.0
2020-11-02 09:30:00-05:00,140961.033654747,1736.672875938406,"[{'asset': USD, 'quantity': 1736.672875938406}, {'asset': AAPL, 'quantity': 1276.0}]",0.0
2020-11-03 09:30:00-05:00,141667.23757320404,863.7928710555934,"[{'asset': USD, 'quantity': 863.7928710555934}, {'asset': AAPL, 'quantity': 1284.0}]",0.005009922956344948
2020-11-04 09:30:00-05:00,147437.47207027435,425.1528564071559,"[{'asset': USD, 'quantity': 425.1528564071559}, {'asset': AAPL, 'quantity': 1288.0}]",0.04073090289551695
2020-11-05 09:30:00-05:00,152352.3689208603,196.87285762785905,"[{'asset': USD, 'quantity': 196.87285762785905}, {'asset': AAPL, 'quantity': 1290.0}]",0.03333546608994564
2020-11-06 09:30:00-05:00,152830.0424666977,78.92286067961686,"[{'asset': USD, 'quantity': 78.92286067961686}, {'asset': AAPL, 'quantity': 1291.0}]",0.003135320764756422
2020-11-07 09:30:00-05:00,152830.0424666977,78.92286067961686,"[{'asset': USD, 'quantity': 78.92286067961686}, {'asset': AAPL, 'quantity': 1291.0}]",0.0
2020-11-07 09:29:00-05:00,152830.0424666977,78.92286067961686,"[{'asset': USD, 'quantity': 78.92286067961686}, {'asset': AAPL, 'quantity': 1291.0}]",0.0
2020-11-09 08:30:00-05:00,155909.07786067962,343.57786067961683,"[{'asset': USD, 'quantity': 343.57786067961683}, {'asset': AAPL, 'quantity': 1291.0}]",0.02014679407455411
2020-11-09 09:30:00-05:00,155909.07786067962,343.57786067961683,"[{'asset': USD, 'quantity': 343.57786067961683}, {'asset': AAPL, 'quantity': 1291.0}]",0.0
2020-11-09 09:30:00-05:00,155909.07786067962,343.57786067961683,"[{'asset': USD, 'quantity': 343.57786067961683}, {'asset': AAPL, 'quantity': 1291.0}]",0.0
2020-11-10 09:30:00-05:00,149513.68180355072,223.07786067961683,"[{'asset': USD, 'quantity': 223.07786067961683}, {'asset': AAPL, 'quantity': 1292.0}]",-0.041020036452552366
2020-11-11 09:30:00-05:00,151631.48601192475,222.00285762785904,"[{'asset': USD, 'quantity': 222.00285762785904}, {'asset': AAPL, 'quantity': 1292.0}]",0.014164618132785023
2020-11-12 09:30:00-05:00,154773.47640651703,104.8128551864528,"[{'asset': USD, 'quantity': 104.8128551864528}, {'asset': AAPL, 'quantity': 1293.0}]",0.02072122668734644
2020-11-13 09:30:00-05:00,154540.73601192475,104.8128551864528,"[{'asset': USD, 'quantity': 104.8128551864528}, {'asset': AAPL, 'quantity': 1293.0}]",-0.0015037485749882507
2020-11-14 09:30:00-05:00,154540.73601192475,104.8128551864528,"[{'asset': USD, 'quantity': 104.8128551864528}, {'asset': AAPL, 'quantity': 1293.0}]",0.0
2020-11-14 09:29:00-05:00,154540.73601192475,104.8128551864528,"[{'asset': USD, 'quantity': 104.8128551864528}, {'asset': AAPL, 'quantity': 1293.0}]",0.0
2020-11-16 08:30:00-05:00,153868.37048763275,104.8128551864528,"[{'asset': USD, 'quantity': 104.8128551864528}, {'asset': AAPL, 'quantity': 1293.0}]",-0.0043507332865304615
2020-11-16 09:30:00-05:00,153868.37048763275,104.8128551864528,"[{'asset': USD, 'quantity': 104.8128551864528}, {'asset': AAPL, 'quantity': 1293.0}]",0.0
2020-11-16 09:30:00-05:00,153868.37048763275,104.8128551864528,"[{'asset': USD, 'quantity': 104.8128551864528}, {'asset': AAPL, 'quantity': 1293.0}]",0.0
2020-11-17 09:30:00-05:00,154682.96680110932,104.8128551864528,"[{'asset': USD, 'quantity': 104.8128551864528}, {'asset': AAPL, 'quantity': 1293.0}]",0.005294111524642764
2020-11-18 09:30:00-05:00,153467.54364437104,104.8128551864528,"[{'asset': USD, 'quantity': 104.8128551864528}, {'asset': AAPL, 'quantity': 1293.0}]",-0.00785751128177592
2020-11-19 09:30:00-05:00,152148.67812007904,104.8128551864528,"[{'asset': USD, 'quantity': 104.8128551864528}, {'asset': AAPL, 'quantity': 1293.0}]",-0.008593774898412287
2020-11-20 09:30:00-05:00,153506.3320660019,104.8128551864528,"[{'asset': USD, 'quantity': 104.8128551864528}, {'asset': AAPL, 'quantity': 1293.0}]",0.008923205661053313
2020-11-21 09:30:00-05:00,153506.3320660019,104.8128551864528,"[{'asset': USD, 'quantity': 104.8128551864528}, {'asset': AAPL, 'quantity': 1293.0}]",0.0
2020-11-21 09:29:00-05:00,153506.3320660019,104.8128551864528,"[{'asset': USD, 'quantity': 104.8128551864528}, {'asset': AAPL, 'quantity': 1293.0}]",0.0
2020-11-23 08:30:00-05:00,151618.55324977875,104.8128551864528,"[{'asset': USD, 'quantity': 104.8128551864528}, {'asset': AAPL, 'quantity': 1293.0}]",-0.012297726033942857
2020-11-23 09:30:00-05:00,151618.55324977875,104.8128551864528,"[{'asset': USD, 'quantity': 104.8128551864528}, {'asset': AAPL, 'quantity': 1293.0}]",0.0
2020-11-23 09:30:00-05:00,151618.55324977875,104.8128551864528,"[{'asset': USD, 'quantity': 104.8128551864528}, {'asset': AAPL, 'quantity': 1293.0}]",0.0
2020-11-24 09:30:00-05:00,147390.4475902939,104.8128551864528,"[{'asset': USD, 'quantity': 104.8128551864528}, {'asset': AAPL, 'quantity': 1293.0}]",-0.027886466193351778
2020-11-25 09:30:00-05:00,149510.96680110932,104.8128551864528,"[{'asset': USD, 'quantity': 104.8128551864528}, {'asset': AAPL, 'quantity': 1293.0}]",0.014387087124600573
2020-11-26 09:30:00-05:00,149510.96680110932,104.8128551864528,"[{'asset': USD, 'quantity': 104.8128551864528}, {'asset': AAPL, 'quantity': 1293.0}]",0.0
2020-11-26 09:29:00-05:00,149510.96680110932,104.8128551864528,"[{'asset': USD, 'quantity': 104.8128551864528}, {'asset': AAPL, 'quantity': 1293.0}]",0.0
2020-11-27 08:30:00-05:00,150829.82246059418,104.8128551864528,"[{'asset': USD, 'quantity': 104.8128551864528}, {'asset': AAPL, 'quantity': 1293.0}]",0.008821129899048152
2020-11-27 09:30:00-05:00,150829.82246059418,104.8128551864528,"[{'asset': USD, 'quantity': 104.8128551864528}, {'asset': AAPL, 'quantity': 1293.0}]",0.0
2020-11-27 09:30:00-05:00,150829.82246059418,104.8128551864528,"[{'asset': USD, 'quantity': 104.8128551864528}, {'asset': AAPL, 'quantity': 1293.0}]",0.0
2020-11-28 09:30:00-05:00,150829.82246059418,104.8128551864528,"[{'asset': USD, 'quantity': 104.8128551864528}, {'asset': AAPL, 'quantity': 1293.0}]",0.0
2020-11-28 09:29:00-05:00,150829.82246059418,104.8128551864528,"[{'asset': USD, 'quantity': 104.8128551864528}, {'asset': AAPL, 'quantity': 1293.0}]",0.0
2020-11-30 08:30:00-05:00,151347.0244335556,104.8128551864528,"[{'asset': USD, 'quantity': 104.8128551864528}, {'asset': AAPL, 'quantity': 1293.0}]",0.0034290431727885817
2020-11-30 09:30:00-05:00,151347.0244335556,104.8128551864528,"[{'asset': USD, 'quantity': 104.8128551864528}, {'asset': AAPL, 'quantity': 1293.0}]",0.0
2020-11-30 09:30:00-05:00,151347.0244335556,104.8128551864528,"[{'asset': USD, 'quantity': 104.8128551864528}, {'asset': AAPL, 'quantity': 1293.0}]",0.0
2020-12-01 09:30:00-05:00,156570.74561733246,104.8128551864528,"[{'asset': USD, 'quantity': 104.8128551864528}, {'asset': AAPL, 'quantity': 1293.0}]",0.03451485883734806
2020-12-02 09:30:00-05:00,157876.66851467133,104.8128551864528,"[{'asset': USD, 'quantity': 104.8128551864528}, {'asset': AAPL, 'quantity': 1293.0}]",0.00834078481385414
2020-12-03 09:30:00-05:00,159816.16851467133,104.8128551864528,"[{'asset': USD, 'quantity': 104.8128551864528}, {'asset': AAPL, 'quantity': 1293.0}]",0.012284905795435952
2020-12-04 09:30:00-05:00,158626.61088222504,104.8128551864528,"[{'asset': USD, 'quantity': 104.8128551864528}, {'asset': AAPL, 'quantity': 1293.0}]",-0.0074432871436102
2020-12-05 09:30:00-05:00,158626.61088222504,104.8128551864528,"[{'asset': USD, 'quantity': 104.8128551864528}, {'asset': AAPL, 'quantity': 1293.0}]",0.0
2020-12-05 09:29:00-05:00,158626.61088222504,104.8128551864528,"[{'asset': USD, 'quantity': 104.8128551864528}, {'asset': AAPL, 'quantity': 1293.0}]",0.0
2020-12-07 08:30:00-05:00,158251.63969844818,104.8128551864528,"[{'asset': USD, 'quantity': 104.8128551864528}, {'asset': AAPL, 'quantity': 1293.0}]",-0.0023638605256167677
2020-12-07 09:30:00-05:00,158251.63969844818,104.8128551864528,"[{'asset': USD, 'quantity': 104.8128551864528}, {'asset': AAPL, 'quantity': 1293.0}]",0.0
2020-12-07 09:30:00-05:00,158251.63969844818,104.8128551864528,"[{'asset': USD, 'quantity': 104.8128551864528}, {'asset': AAPL, 'quantity': 1293.0}]",0.0
2020-12-08 09:30:00-05:00,160915.22640651703,104.8128551864528,"[{'asset': USD, 'quantity': 104.8128551864528}, {'asset': AAPL, 'quantity': 1293.0}]",0.0168313371864226
2020-12-09 09:30:00-05:00,161122.10127681732,104.8128551864528,"[{'asset': USD, 'quantity': 104.8128551864528}, {'asset': AAPL, 'quantity': 1293.0}]",0.0012856140150321327
2020-12-10 09:30:00-05:00,155911.31285518646,104.8128551864528,"[{'asset': USD, 'quantity': 104.8128551864528}, {'asset': AAPL, 'quantity': 1293.0}]",-0.0323406185764572
2020-12-11 09:30:00-05:00,158406.80324977875,104.8128551864528,"[{'asset': USD, 'quantity': 104.8128551864528}, {'asset': AAPL, 'quantity': 1293.0}]",0.016005832732036263
2020-12-12 09:30:00-05:00,158406.80324977875,104.8128551864528,"[{'asset': USD, 'quantity': 104.8128551864528}, {'asset': AAPL, 'quantity': 1293.0}]",0.0
2020-12-12 09:29:00-05:00,158406.80324977875,104.8128551864528,"[{'asset': USD, 'quantity': 104.8128551864528}, {'asset': AAPL, 'quantity': 1293.0}]",0.0
2020-12-14 08:30:00-05:00,158626.61088222504,104.8128551864528,"[{'asset': USD, 'quantity': 104.8128551864528}, {'asset': AAPL, 'quantity': 1293.0}]",0.001387614849468921
2020-12-14 09:30:00-05:00,158626.61088222504,104.8128551864528,"[{'asset': USD, 'quantity': 104.8128551864528}, {'asset': AAPL, 'quantity': 1293.0}]",0.0
2020-12-14 09:30:00-05:00,158626.61088222504,104.8128551864528,"[{'asset': USD, 'quantity': 104.8128551864528}, {'asset': AAPL, 'quantity': 1293.0}]",0.0
2020-12-15 09:30:00-05:00,160876.42812007904,104.8128551864528,"[{'asset': USD, 'quantity': 104.8128551864528}, {'asset': AAPL, 'quantity': 1293.0}]",0.014183100964846318
2020-12-16 09:30:00-05:00,164721.72898677824,13103.824628868091,"[{'asset': USD, 'quantity': 13103.824628868091}, {'asset': AAPL, 'quantity': 1190.0}]",0.023902201905110942
2020-12-17 09:30:00-05:00,166570.8068676376,6605.914442100513,"[{'asset': USD, 'quantity': 6605.914442100513}, {'asset': AAPL, 'quantity': 1241.0}]",0.011225464255585793
2020-12-18 09:30:00-05:00,166646.84310726164,3254.5146007919193,"[{'asset': USD, 'quantity': 3254.5146007919193}, {'asset': AAPL, 'quantity': 1267.0}]",0.0004564799862225577
2020-12-19 09:30:00-05:00,166646.84310726164,1578.0345135116459,"[{'asset': USD, 'quantity': 1578.0345135116459}, {'asset': AAPL, 'quantity': 1280.0}]",0.0
2020-12-19 09:29:00-05:00,166646.84310726164,1578.0345135116459,"[{'asset': USD, 'quantity': 1578.0345135116459}, {'asset': AAPL, 'quantity': 1280.0}]",0.0
2020-12-21 08:30:00-05:00,161603.63021663664,1578.0345135116459,"[{'asset': USD, 'quantity': 1578.0345135116459}, {'asset': AAPL, 'quantity': 1280.0}]",-0.03026287685137219
2020-12-21 09:30:00-05:00,161603.63021663664,1578.0345135116459,"[{'asset': USD, 'quantity': 1578.0345135116459}, {'asset': AAPL, 'quantity': 1280.0}]",0.0
2020-12-21 09:30:00-05:00,161603.63021663664,1578.0345135116459,"[{'asset': USD, 'quantity': 1578.0345135116459}, {'asset': AAPL, 'quantity': 1280.0}]",0.0
2020-12-22 09:30:00-05:00,170078.37531856535,827.9145336532474,"[{'asset': USD, 'quantity': 827.9145336532474}, {'asset': AAPL, 'quantity': 1286.0}]",0.05244155153301899
2020-12-23 09:30:00-05:00,170885.18076900483,156347.5803661728,"[{'asset': USD, 'quantity': 156347.5803661728}, {'asset': AAPL, 'quantity': 110.0}]",0.0047437274076043145
2020-12-24 09:30:00-05:00,170295.5033398056,78108.85819820405,"[{'asset': USD, 'quantity': 78108.85819820405}, {'asset': AAPL, 'quantity': 702.0}]",-0.003450723032539127
2020-12-25 09:30:00-05:00,170295.5033398056,39106.81602291108,"[{'asset': USD, 'quantity': 39106.81602291108}, {'asset': AAPL, 'quantity': 999.0}]",0.0
2020-12-25 09:29:00-05:00,170295.5033398056,39106.81602291108,"[{'asset': USD, 'quantity': 39106.81602291108}, {'asset': AAPL, 'quantity': 999.0}]",0.0
2020-12-28 08:30:00-05:00,172962.83151058198,39106.81602291108,"[{'asset': USD, 'quantity': 39106.81602291108}, {'asset': AAPL, 'quantity': 999.0}]",0.015662939528438447
2020-12-28 09:30:00-05:00,172975.78347286227,40191.68802913667,"[{'asset': USD, 'quantity': 40191.68802913667}, {'asset': AAPL, 'quantity': 991.0}]",7.488292234336669e-05
2020-12-28 09:30:00-05:00,172975.78347286227,40191.68802913667,"[{'asset': USD, 'quantity': 40191.68802913667}, {'asset': AAPL, 'quantity': 991.0}]",0.0
2020-12-29 09:30:00-05:00,177608.24068721774,20093.18720516206,"[{'asset': USD, 'quantity': 20093.18720516206}, {'asset': AAPL, 'quantity': 1141.0}]",0.02678095812806225
2020-12-30 09:30:00-05:00,174612.7392071152,10154.196986045848,"[{'asset': USD, 'quantity': 10154.196986045848}, {'asset': AAPL, 'quantity': 1213.0}]",-0.016865779811297443
2020-12-31 15:59:00-05:00,172737.7392071152,5137.736918296825,"[{'asset': USD, 'quantity': 5137.736918296825}, {'asset': AAPL, 'quantity': 1250.0}]",-0.010738048143073886
2020-12-31 16:00:00-05:00,172737.7392071152,5137.736918296825,"[{'asset': USD, 'quantity': 5137.736918296825}, {'asset': AAPL, 'quantity': 1250.0}]",0.0
